source,translation
hello world,xin chào thế giới
how are you?,bạn khỏe không?
Reading books is fun.,đọc sách rất vui.
The weather is sunny.,thời tiết nắng.
Machine translation is challenging.,dịch máy rất thách thức.
The sky is clear.,bầu trời trong xanh.
I enjoy programming.,tôi thích lập trình.
This is an AI model.,đây là một mô hình ai.
Translation is important.,dịch rất quan trọng.
Hello world!,xin chào thế giới!
Learning is fun.,học rất vui.
Practice makes perfect.,luyện tập tạo nên sự hoàn hảo.
Keep trying.,hãy tiếp tục cố gắng.
Don’t give up.,đừng bỏ cuộc.
Success is near.,thành công sắp đến.
Stay positive.,hãy lạc quan.
Good morning.,chào buổi sáng.
Good night.,chúc ngủ ngon.
Have a nice day.,chúc một ngày tốt lành.
Take care.,bảo trọng.
See you soon.,hẹn gặp lại.
What is your name?,tên bạn là gì?
Where are you from?,bạn đến từ đâu?
"I am fine, thank you.","tôi khỏe, cảm ơn."
Nice to meet you.,rất vui được gặp bạn.
What do you do?,bạn làm nghề gì?
I am a student.,tôi là sinh viên.
I am learning English.,tôi đang học tiếng anh.
Do you speak English?,bạn có nói tiếng anh không?
Please help me.,làm ơn giúp tôi.
Thank you very much.,cảm ơn rất nhiều.
You are welcome.,không có chi.
Excuse me.,xin lỗi.
I am sorry.,tôi xin lỗi.
No problem.,không sao.
It is okay.,không sao đâu.
How old are you?,bạn bao nhiêu tuổi?
Where do you live?,bạn sống ở đâu?
I live in Vietnam.,tôi sống ở việt nam.
What is your hobby?,sở thích của bạn là gì?
I like reading.,tôi thích đọc sách.
I like traveling.,tôi thích du lịch.
What is your favorite food?,món ăn yêu thích của bạn là gì?
I like pizza.,tôi thích pizza.
What is your favorite color?,màu yêu thích của bạn là gì?
I like blue.,tôi thích màu xanh.
What is your favorite book?,cuốn sách yêu thích của bạn là gì?
I like Harry Potter.,tôi thích harry potter.
What is your favorite movie?,bộ phim yêu thích của bạn là gì?
I like The Avengers.,tôi thích the avengers.
Do you have any pets?,bạn có nuôi thú cưng không?
I have a cat.,tôi có một con mèo.
I have a dog.,tôi có một con chó.
I have two cats.,tôi có hai con mèo.
I have two dogs.,tôi có hai con chó.
Do you like sports?,bạn có thích thể thao không?
I like soccer.,tôi thích bóng đá.
I like basketball.,tôi thích bóng rổ.
I like swimming.,tôi thích bơi lội.
Do you play any instruments?,bạn có chơi nhạc cụ nào không?
I play the guitar.,tôi chơi guitar.
I play the piano.,tôi chơi piano.
I play the violin.,tôi chơi violin.
What time is it?,mấy giờ rồi?
It is half past four.,bây giờ là 4 giờ rưỡi.
Can you tell me the time?,bạn có thể cho tôi biết giờ không?
Do you have a watch?,bạn có đồng hồ không?
I am hungry.,tôi đói.
I am thirsty.,tôi khát.
Can I have some water?,tôi có thể có một ít nước không?
Can I have some coffee?,tôi có thể có một ít cà phê không?
Do you like tea?,bạn có thích trà không?
I like tea.,tôi thích trà.
What is your favorite drink?,đồ uống yêu thích của bạn là gì?
I like orange juice.,tôi thích nước cam.
Do you like ice cream?,bạn có thích kem không?
I like chocolate ice cream.,tôi thích kem socola.
What is your favorite fruit?,trái cây yêu thích của bạn là gì?
I like apples.,tôi thích táo.
Do you like vegetables?,bạn có thích rau không?
I like carrots.,tôi thích cà rốt.
What is your favorite season?,mùa yêu thích của bạn là gì?
I like summer.,tôi thích mùa hè.
I like winter.,tôi thích mùa đông.
Do you like spring?,bạn có thích mùa xuân không?
I like spring.,tôi thích mùa xuân.
Do you like autumn?,bạn có thích mùa thu không?
I like autumn.,tôi thích mùa thu.
What is your favorite holiday?,kỳ nghỉ yêu thích của bạn là gì?
I like Christmas.,tôi thích giáng sinh.
I like New Year.,tôi thích năm mới.
What is your favorite day of the week?,ngày yêu thích của bạn trong tuần là gì?
I like Saturday.,tôi thích thứ bảy.
I like Sunday.,tôi thích chủ nhật.
What is your favorite month?,tháng yêu thích của bạn là gì?
I like December.,tôi thích tháng mười hai.
I like January.,tôi thích tháng một.
What is your favorite year?,năm yêu thích của bạn là gì?
I like 2021.,tôi thích năm 2021.
I like 2022.,tôi thích năm 2022.
Do you like weekends?,bạn có thích cuối tuần không?
I like weekends.,tôi thích cuối tuần.
What do you do on weekends?,bạn làm gì vào cuối tuần?
I relax on weekends.,tôi thư giãn vào cuối tuần.
Do you like weekdays?,bạn có thích ngày trong tuần không?
I like weekdays.,tôi thích ngày trong tuần.
What do you do on weekdays?,bạn làm gì vào ngày trong tuần?
I study on weekdays.,tôi học vào ngày trong tuần.
Do you like mornings?,bạn có thích buổi sáng không?
I like mornings.,tôi thích buổi sáng.
What do you do in the morning?,bạn làm gì vào buổi sáng?
I exercise in the morning.,tôi tập thể dục vào buổi sáng.
Do you like afternoons?,bạn có thích buổi chiều không?
I like afternoons.,tôi thích buổi chiều.
What do you do in the afternoon?,bạn làm gì vào buổi chiều?
I read in the afternoon.,tôi đọc sách vào buổi chiều.
Do you like evening?,bạn có thích buổi tối không?
I like evening.,tôi thích buổi tối.
What do you do in the evening?,bạn làm gì vào buổi tối?
I watch TV in the evening.,tôi xem tv vào buổi tối.
Do you like nights?,bạn có thích buổi đêm không?
I like nights.,tôi thích buổi đêm.
What do you do at night?,bạn làm gì vào buổi đêm?
I sleep at night.,tôi ngủ vào buổi đêm.
Do you like dawn?,bạn có thích bình minh không?
I like dawn.,tôi thích bình minh.
Do you like dusk?,bạn có thích hoàng hôn không?
I like dusk.,tôi thích hoàng hôn.
Do you like sunrise?,bạn có thích mặt trời mọc không?
I like sunrise.,tôi thích mặt trời mọc.
Do you like sunset?,bạn có thích mặt trời lặn không?
I like sunset.,tôi thích mặt trời lặn.
What is your favorite time of day?,thời gian yêu thích trong ngày của bạn là gì?
I like morning.,tôi thích buổi sáng.
I like evening.,tôi thích buổi tối.
Do you like the beach?,bạn có thích bãi biển không?
I like the beach.,tôi thích bãi biển.
What do you do at the beach?,bạn làm gì ở bãi biển?
I swim at the beach.,tôi bơi ở bãi biển.
Do you like the mountains?,bạn có thích núi không?
I like the mountains.,tôi thích núi.
What do you do in the mountains?,bạn làm gì ở núi?
I hike in the mountains.,tôi leo núi.
Do you like the city?,bạn có thích thành phố không?
I like the city.,tôi thích thành phố.
What do you do in the city?,bạn làm gì ở thành phố?
I shop in the city.,tôi mua sắm ở thành phố.
Do you like the countryside?,bạn có thích nông thôn không?
I like the countryside.,tôi thích nông thôn.
What do you do in the countryside?,bạn làm gì ở nông thôn?
I relax in the countryside.,tôi thư giãn ở nông thôn.
Do you like the forest?,bạn có thích rừng không?
I like the forest.,tôi thích rừng.
What do you do in the forest?,bạn làm gì ở rừng?
I camp in the forest.,tôi cắm trại ở rừng.
Do you like the desert?,bạn có thích sa mạc không?
I like the desert.,tôi thích sa mạc.
What do you do in the desert?,bạn làm gì ở sa mạc?
I explore the desert.,tôi khám phá sa mạc.
Do you like the river?,bạn có thích sông không?
I like the river.,tôi thích sông.
What do you do at the river?,bạn làm gì ở sông?
I fish at the river.,tôi câu cá ở sông.
Do you like the lake?,bạn có thích hồ không?
I like the lake.,tôi thích hồ.
What do you do at the lake?,bạn làm gì ở hồ?
I kayak at the lake.,tôi chèo thuyền ở hồ.
Do you like the ocean?,bạn có thích đại dương không?
I like the ocean.,tôi thích đại dương.
What do you do at the ocean?,bạn làm gì ở đại dương?
I dive in the ocean.,tôi lặn ở đại dương.
Do you like rain?,bạn có thích mưa không?
I like rain.,tôi thích mưa.
What do you do when it rains?,bạn làm gì khi trời mưa?
I read when it rains.,tôi đọc sách khi trời mưa.
Do you like snow?,bạn có thích tuyết không?
I like snow.,tôi thích tuyết.
What do you do when it snows?,bạn làm gì khi trời tuyết?
I ski when it snows.,tôi làm người tuyết khi trời tuyết.
Do you like wind?,bạn có thích gió không?
I like wind.,tôi thích gió.
What do you do when it is windy?,bạn làm gì khi trời có gió?
I fly kites when it is windy.,tôi thả diều khi trời có gió.
Do you like fog?,bạn có thích sương mù không?
I like fog.,tôi thích sương mù.
What do you do when it is foggy?,bạn làm gì khi trời có sương mù?
I walk when it is foggy.,tôi đi dạo khi trời có sương mù.
Do you like storms?,bạn có thích bão không?
I like storms.,tôi thích bão.
What do you do during a storm?,bạn làm gì khi có bão?
I stay inside during a storm.,tôi ở trong nhà khi có bão.
Do you like clear weather?,bạn có thích thời tiết trong xanh không?
I like clear weather.,tôi thích thời tiết trong xanh.
What do you do when the weather is clear?,bạn làm gì khi thời tiết trong xanh?
I go outside when the weather is clear.,tôi ra ngoài khi thời tiết trong xanh.
Do you like hot weather?,bạn có thích thời tiết nóng không?
I like hot weather.,tôi thích thời tiết nóng.
What do you do when it is hot?,bạn làm gì khi trời nóng?
I swim when it is hot.,tôi bơi khi trời nóng.
Do you like cold weather?,bạn có thích thời tiết lạnh không?
I like cold weather.,tôi thích thời tiết lạnh.
What do you do when it is cold?,bạn làm gì khi trời lạnh?
I drink hot chocolate when it is cold.,tôi uống sô cô la nóng khi trời lạnh.
Do you like humid weather?,bạn có thích thời tiết ẩm không?
I like humid weather.,tôi thích thời tiết ẩm.
What do you do when it is humid?,bạn làm gì khi trời ẩm?
I stay inside when it is humid.,tôi ở trong nhà khi trời ẩm.
Do you like dry weather?,bạn có thích thời tiết khô không?
I like dry weather.,tôi thích thời tiết khô.
What do you do when it is dry?,bạn làm gì khi trời khô?
I go hiking when it is dry.,tôi đi bộ khi trời khô.
Do you like sunny weather?,bạn có thích thời tiết nắng không?
I like sunny weather.,tôi thích thời tiết nắng.
What do you do when it is sunny?,bạn làm gì khi trời nắng?
I go to the park when it is sunny.,tôi đi công viên khi trời nắng.
Do you like cloudy weather?,bạn có thích thời tiết mây không?
I like cloudy weather.,tôi thích thời tiết mây.
What do you do when it is cloudy?,bạn làm gì khi trời có mây?
I take pictures when it is cloudy.,tôi chụp ảnh khi trời có mây.
Do you like starry nights?,bạn có thích bầu trời đầy sao không?
I like starry nights.,tôi thích bầu trời đầy sao.
What do you do on starry nights?,bạn làm gì vào đêm đầy sao?
I stargaze on starry nights.,tôi ngắm sao vào đêm đầy sao.
Do you like the moon?,bạn có thích mặt trăng không?
I like the moon.,tôi thích mặt trăng.
What do you do when the moon is full?,bạn làm gì khi trăng tròn?
I take pictures when the moon is full.,tôi chụp ảnh khi trăng tròn.
Do you like the stars?,bạn có thích các vì sao không?
I like the stars.,tôi thích các vì sao.
What do you do when the stars are bright?,bạn làm gì khi sao sáng?
I stargaze when the stars are bright.,tôi ngắm sao khi sao sáng.
Do you like the sun?,bạn có thích mặt trời không?
I like the sun.,tôi thích mặt trời.
What do you do when the sun is shining?,bạn làm gì khi mặt trời chiếu sáng?
I go outside when the sun is shining.,tôi ra ngoài khi mặt trời chiếu sáng.
"Even though it was raining, they went on their field trip","mặc dù trời mưa, họ đã đi thực địa"
We are studying hard in preparation for the exams.,chúng tôi đang học tập chăm chỉ để chuẩn bị cho các kỳ thi.
I suppose they need it more than we do,tôi cho rằng họ cần nó nhiều hơn chúng ta
He should be in charge.,anh ta nên chịu trách nhiệm
She gave the door a gentle push,cô đẩy nhẹ cánh cửa
Learn what you can learn.,học những gì bạn có thể học
I feel a little awkward,tôi cảm thấy hơi khó xử
You are a doctor.,bạn là một bác sĩ.
Tom is here now,tom đang ở đây
I am sorry for not replying to your email earlier.,Tôi xin lỗi vì đã không trả lời email của bạn sớm hơn.
He went out in spite of the heavy rain,anh ra ngoài bất chấp cơn mưa lớn
How long ago did it happen?,nó xảy ra bao lâu rồi
This part of the land belongs to my stepmother,phần đất này thuộc về mẹ kế của tôi
Tom brought up the subject.,tom đưa lên chủ đề.
It is healthy to breathe deeply,Thở khỏe
"The sooner you do it, the better it is.",bạn càng làm sớm thì càng tốt.
I wrote off for an application form,tôi đã viết cho một mẫu đơn
This is what I was waiting for.,đây là những gì tôi đã chờ đợi
I think Tom is too outspoken,tôi nghĩ tom quá thẳng thắn
"If God did not exist, it would be necessary to invent him.","nếu thần không tồn tại, nó sẽ là cần thiết để phát minh ra anh ta."
We should not ask a woman her age,chúng ta không nên hỏi một người phụ nữ bằng tuổi cô ấy
I think Tom and Mary might actually get married.,Tôi nghĩ rằng tom và mary thực sự có thể kết hôn.
He ate everything that was on his plate,anh ấy ăn mọi thứ trên đĩa
How many people want to go swimming with us?,có bao nhiêu người muốn đi bơi với chúng tôi?
There are many Americans who can speak Japanese,có rất nhiều người Mỹ có thể nói tiếng Nhật
Tom looks older than Mary.,Tom trông già hơn mary.
That seems impossible,điều đó dường như là không thể
This is not what I ordered.,Đây không phải là những gì tôi đã ra lệnh.
It does not have to be that way,nó không phải theo cách đó
He was made captain.,ông đã được làm đội trưởng.
I am really looking forward to tomorrow.,tôi thực sự mong đến ngày mai
Were you born in a barn?.,bạn sinh ra trong chuồng ngựa?
"Excuse me, but do you need any help?.","Xin lỗi, nhưng bạn có cần giúp gì không?"
She is almost sixty years old..,cô ấy gần sáu mươi tuổi
They spoke quietly.,họ nói khẽ
Yesterday there was an earthquake..,hôm qua có một trận động đất.
What would Tom want with me?.,Tom muốn gì với tôi?
Can I come?.,tôi có thể đến không?
Tom does not have a cat.,tom không có mèo
We are taking off..,chúng tôi đang cất cánh
Are you efficient?.,bạn có hiệu quả không
I hope you like what I have just given you..,tôi hy vọng bạn thích những gì tôi vừa cho bạn
Why do you look so white?.,tại sao bạn trông rất trắng
It struck like a bombshell!.,nó đánh như một quả bom!
The fire reduced the house to ashes.,Lửa làm nhà tan thành tro tàn.
"Gentlemen, start your engines..","Các quý ông, khởi động động cơ của bạn."
"A few years ago, in San Francisco, a young woman came to us for vocational advice.","Cách đây vài năm, tại san francisco, một phụ nữ trẻ đã đến gặp chúng tôi để được tư vấn hướng nghiệp"
How did you know that man was a cop?,Làm thế nào bạn biết người đàn ông đó là một cảnh sát?
He is familiar with computers,anh ấy quen máy tính
We can hear you.,chúng tôi có thể nghe thấy bạn
Lend me a memo pad or something,cho tôi mượn một tờ giấy ghi nhớ hoặc một cái gì đó
I need some light.,Tôi cần một chút ánh sáng.
My eyes are itchy,mắt tôi bị ngứa
You are too old.,bạn quá già
I do not want to be in pain,tôi không muốn bị đau
I get drunk at least once a month.,Tôi bị say ít nhất một lần một tháng.
How much is this?,cái này bao nhiêu?
I hugged her tightly.,tôi ôm cô ấy thật chặt.
He is a genuine aristocrat,anh ấy là một quý tộc chính hiệu
I have a scooter.,tôi có một chiếc xe tay ga
I am still dealing with that problem,tôi vẫn đang giải quyết vấn đề đó
The stake that sticks out gets hammered down.,các cổ phần dính ra bị đập xuống.
Welcome to our house,chào mừng đến nhà của chúng tôi
I was in a car accident.,tôi bị tai nạn xe hơi
She came in quietly so she would not wake up the baby,Cô lặng lẽ đi vào để cô không đánh thức đứa bé
I am sure of his passing the exam.,tôi chắc chắn về việc anh ấy vượt qua kỳ thi.
He no longer works here,anh ấy không còn làm việc ở đây nữa
Tom is just the man I have been looking for.,Tom chỉ là người đàn ông tôi đã tìm kiếm.
Can I show you something?,Tôi có thể cho bạn xem một số thứ được không?
I told her to be home by nine.,tôi bảo cô ấy về nhà lúc chín giờ.
Your pulse is normal,mạch của bạn bình thường
Tokyo is larger than Yokohama.,tokyo lớn hơn yokoween.
I had to get something out of the car,tôi phải lấy thứ gì đó ra khỏi xe
It is time for my break.,đã đến lúc tôi nghỉ ngơi
Tom was standing just in front of a large building that was up for sale,Tom đang đứng ngay trước một tòa nhà lớn đang được rao bán
Let come up with a new plan.,Hãy đưa ra một kế hoạch mới.
Even a large sum of money cannot take the place of a man life,ngay cả một khoản tiền lớn cũng không thể thay thế cuộc đời của một người đàn ông
Here is the change.,đây là sự thay đổi
He got angry because his honor was at stake,anh ta đã tức giận vì danh dự của anh ta bị đe dọa
I am dying for a cold drink.,Tôi sắp chết vì uống nước lạnh
I know it is cold,tôi biết trời lạnh
He was educated at a public school.,ông được giáo dục tại một trường công lập.
Would you mind opening the window?,bạn có phiền mở cửa sổ không? 
I know none of them.,tôi không biết ai trong số họ.
Tom gave Mary a kick in the ribs,Tom đã cho mary một cú đá vào sườn
Say what you want.,nói những gì bạn muốn.
What sound does a sheep make?,một con cừu tạo ra âm thanh gì
Tom stayed in Boston for three months.,Tom ở lại boston trong ba tháng.
Tom borrowed $300 from Mary,tom đã vay $ 300 từ mary
Why are not you interested?,tại sao bạn không quan tâm
You were at my wedding,bạn đã ở đám cưới của tôi
"No, but I do not really care.","Không, nhưng thiệt tình tôi không quan tâm."
This is a drawing of my preliminary design.,Đây là bản vẽ thiết kế sơ bộ của tôi.
Many schools were closed.,Nhiều trường học phải đóng cửa.
I was nine,Lúc đó tôi chín tuổi
I was on the beach,tôi đã ở trên bãi biển
my family come to beach this summer,gia đình tôi đi biển mùa hè này
I love my family,tôi yêu gia đình tôi
"On the Internet, nobody knows you are a dog","Trên mạng, không ai biết bạn là một con chó"
But that do not mean that we are friends.,Nhưng không có nghĩa chúng ta là bạn.
get her outta here.,đưa cô ấy ra khỏi đây
"Every day, I would go to his clinic when my lessons finished.","mỗi ngày, tôi sẽ đến nhà thuốc của anh ánh khi bài học của tôi kết thúc"
The United States was not at the top of either measure for cash transfers.,Hoa Kỳ không đứng đầu trong các biện pháp chuyển tiền mặt.
You are on sovereign land.,Anh đang ở vùng đất có chủ quyền.
"Get out of my house, you reptile",Cút khỏi nhà tôi đồ bò sát
"In terms of money, we have no money.","Nói về tiền, chúng ta không có tiền."
And I think that this is what really distinguishes extraordinary altruists from the average person.,Tôi nghĩ đây là điều phân biệt người vị tha tuyệt vời với người bình thường.
"In Portugal, people still work as draught cattle.","Ở Bồ Đào Nha, người dân vẫn làm nghề chăn nuôi gia súc."
the sun is a star,mặt trời là một ngôi sao
I will tell you where I go.,Tôi sẽ nói cho ông biết nơi tôi đi
We have international law.,Chúng ta có luật quốc tế.
It is our responsibility,Đó là trách nhiệm của chúng tôi
Do you have any idea where he might have gone?,Cô có biết liệu anh ta có thể đi đâu không?
"Wow, you look beautiful","chà, bạn trông thật đẹp."
He is better than we thought.,Anh ta giỏi hơn chúng tôi tưởng.
"I mean, we are a bunch of freaks, right?","ý em là, chúng ta là một lũ quái dị, phải không?"
Be quiet for a moment.,im lặng một lát
Ηow big is the ball?,Quả bóng to như nào?
how far is it?,Nó cách xa bao nhiêu?
how fast is it?,Nó nhanh thế nào?
You seem perfect,bạn có vẻ hoàn hảo
They had been dancing for an hour when there was a knock on the door.,họ đã nhảy trong một giờ khi có tiếng gõ cửa.
I do not disagree,tôi không đồng ý
I do not quite know where to begin.,tôi không biết bắt đầu từ đâu.
"I am sorry, this is not for sale","tôi xin lỗi, đây không phải là để bán"
That problem is not avoidable,vấn đề đó là không thể tránh khỏi
I suggest we continue,tôi đề nghị chúng ta tiếp tục
I have a black dog and a white dog,Tôi có một con chó đen và một con chó trắng.
The weather forecast predicts heavy rain and thunderstorms tomorrow.,Bản dự báo thời tiết dự đoán sẽ có mưa lớn và dông vào ngày mai.
Recycling helps reduce waste and conserve natural resources.,Tái chế giúp giảm thiểu rác thải và bảo tồn tài nguyên thiên nhiên.
Deforestation is a major environmental problem that destroys important ecosystems.,"Phá rừng là một vấn đề môi trường nghiêm trọng, làm phá hủy các hệ sinh thái quan trọng."
He lays in there all day long.,Anh ta nằm đó cả ngày.
I am in India.,tôi đang ở Ấn Độ.
What would you do if you had a million dollars?,Bạn sẽ làm gì nếu bạn có một triệu đô la?
I will give you a hint,Tôi sẽ cho bạn một gợi ý
She feels bad today,Hôm nay cô ấy cảm thấy tồi tệ
May i eat this apple?,Tôi có thể ăn quả táo này không?
My sister has a beautiful piano,Em gái tôi có một cây đàn piano tuyệt đẹp
There is nothing in this closet,Không có gì trong tủ quần áo này
i can not talk to you right now,Tôi không thể nói chuyện với bạn ngay bây giờ
I saw Tom walking down the beach,Tôi thấy Tom đang đi bộ xuống bãi biển
Tom spent the weekend at his beach house.,Tom đã dành cuối tuần tại ngôi nhà bên bờ biển của mình.
How long does it take to get to the beach?,Mất bao lâu để đến bãi biển?
I return his book to him.,Tôi trả lại cuốn sách của anh ấy cho anh ấy.
I write a letter to Tom,Tôi viết thư cho Tom
He fascinated me.,Anh ấy mê hoặc tôi.
We are always careful.,Chúng tôi luôn cẩn thận.
What language is spoken in France?,Ngôn ngữ nào được nói ở Pháp?
We could just leave it here.,Chúng ta có thể để nó ở đây.
Are we going out for lunch today?,Hôm nay chúng ta có ra ngoài ăn trưa không?
Why would Tom do that to me?,Tại sao Tom lại làm điều đó với tôi?
He may be on the next train,Anh ấy có thể đang ở trên chuyến tàu tiếp theo
The distance from the sun to the earth is about 93 million miles.,Khoảng cách từ mặt trời đến trái đất là khoảng 93 triệu dặm.
The box is made of wood.,Hộp được làm bằng gỗ.
The airplane landed on my farm,Máy bay hạ cánh xuống trang trại của tôi
You and I go way back.,Bạn và tôi quay trở lại.
My home is close to the station,Nhà tôi gần nhà ga
We found that we had lost our way.,Chúng tôi thấy rằng chúng tôi đã lạc đường.
The sun came out from behind the clouds,Mặt trời ló dạng từ phía sau những đám mây
The sun came out and the ice melted.,Mặt trời ló dạng và băng tan.
They basked in the sun,Họ đắm mình dưới mặt trời
The sun is larger than the moon,Mặt trời lớn hơn mặt trăng
The sun is coming up.,Mặt trời sắp mọc.
The sun soon emerged from behind the clouds.,Mặt trời sớm xuất hiện từ phía sau những đám mây.
she exposed her back to the sun on the beach.,Cô ấy phơi lưng dưới ánh mặt trời trên bãi biển.
It is a good idea to cover up when the sun is this strong,Đó là một ý tưởng tốt để che đậy khi mặt trời mạnh như thế này
The sun has dried up the ground,Mặt trời đã làm khô mặt đất
"Without the sun, we could not live on the earth","Không có mặt trời, chúng ta không thể sống trên trái đất"
The wash will have to be put in the sun to dry,Giặt sẽ phải được đặt dưới ánh nắng mặt trời để khô
The earth make one revolution around the sun in about 365 days.,Trái đất tạo ra một vòng quay quanh mặt trời trong khoảng 365 ngày.
The sun is starting to go down.,Mặt trời bắt đầu lặn.
You surprised me.,bạn làm tôi ngạc nhiên.
The sun was coming up then.,Lúc đó mặt trời đã mọc.
I have been out in the sun all day.There was nothing really wrong with Tom,Tôi đã ở ngoài mặt trời cả ngày.
Prices are very high in this store.,Không có gì thực sự sai với Tom
"Orange juice, please",Giá rất cao trong cửa hàng này.
We have four classes in the morning.,"Nước cam, làm ơn"
Tom got stuck in traffic,Chúng tôi có bốn lớp vào buổi sáng.Tom bị kẹt xe
I hate Mondays.,Tôi ghét thứ Hai.
Tom left Mary behind,Tom bỏ Mary lại phía sau
We will be rescued.,Chúng tôi sẽ được giải cứu.
Tom feels exactly the same way as Mary does,Tom cảm thấy giống hệt như Mary
We will take my car.,Chúng tôi sẽ lấy xe của tôi.
I want you to sing,tôi muốn bạn hát
The clock stopped. It needs a new battery.,Đồng hồ dừng lại. Nó cần một pin mới.
I am a new student,Tôi là một sinh viên mới
Tom could not make it to party.,Tom không thể đến dự tiệc.
Which of you will come with me?,Ai trong số các bạn sẽ đi cùng tôi?
I know something is wrong.,Tôi biết có điều gì đó không ổn.
I do not think I would have ever said what you say I said,Tôi không nghĩ rằng tôi sẽ từng nói những gì bạn nói tôi đã nói
We just need to talk to Tom.,Chúng ta chỉ cần nói chuyện với Tom.
Do you wanna talk?,Bạn có muốn nói chuyện không?
I am sorry you got dragged into this,Tôi xin lỗi vì bạn đã bị kéo vào chuyện này
I have made some progress.,Tôi đã đạt được một số tiến bộ.
I suppose I could do that,Tôi cho rằng tôi có thể làm điều đó
I have not met Tom yet.,Tôi vẫn chưa gặp Tom.
That is not appropriate,Điều đó không thích hợp
I like my job just fine.,Tôi thích công việc của mình tốt.
You were so right,bạn nói rất đúng.
I resent the way he treated me.,Tôi phẫn nộ với cách anh ấy đối xử với tôi.
Some newspapers distorted the news,Một số tờ báo bóp méo tin tức
I was caught in an evening shower.,Tôi bị bắt gặp đang tắm buổi tối.
Tom ignored me,Tom phớt lờ tôi
What are you referring to?,bạn đang ám chỉ cái gì?
She will spend the next four years in prison,Cô ấy sẽ phải ngồi tù bốn năm tới
I still think it is weird.,Tôi vẫn nghĩ điều đó thật kỳ lạ.
I do not meet too many women,Tôi không gặp quá nhiều phụ nữ
Is this nice?,Điều này có đẹp không?
How old is this tree?,Cây này bao nhiêu tuổi?
You may stay at my house as long as you like,bạn có thể ở nhà tôi bao lâu tùy thích
Would you mind giving me a minute?,bạn có phiền cho tôi một phút không?
I own a German car,Tôi sở hữu một chiếc xe hơi Đức
I am proud of you.,Tôi tự hào về bạn.
Every boy and every girl was delighted,Mọi chàng trai và mọi cô gái đều vui mừng
he would be very interested in getting a guitar like that one,tom sẽ rất thích có được một cây đàn như thế
i want him to play the guitar,tôi muốn anh ấy chơi guitar
Is that the guitar you bought?,đó có phải là cây đàn guitar bạn mua không?
We cross the railroad tracks every morning.,chúng tôi băng qua đường ray mỗi sáng.
"You do not want to pay more than you have to, right?",bạn không muốn trả nhiều hơn bạn phải không?
I was not driving all that fast,tôi đã không lái xe quá nhanh
The meat has gone bad.,Thịt đã hỏng
All his hopes evaporated when he lost his only son in the war,mọi hy vọng của anh tan biến khi anh mất đứa con trai duy nhất trong cuộc chiến
I do not want to go to sleep.,tôi không muốn đi ngủ
I will go along with you.,tôi sẽ đi cùng bạn
They don not want us to know.,họ không muốn chúng tôi biết.
"To be a good batter, you have got to hang loose and follow your instincts","để trở thành một người đánh bóng giỏi, bạn phải thả lỏng và làm theo bản năng của mình"
Study the next chapter.,nghiên cứu chương tiếp theo.
We made you a cake,chúng tôi làm cho bạn một chiếc bánh
I thought you were going to fix that.,Tôi nghĩ bạn sẽ sửa nó.
He plunged into the water head first,anh ấy lao xuống nước đầu tiên
So what are you implying?,vậy bạn đang ám chỉ điều gì?
You have outdone yourself,bạn đã vượt qua chính mình
I am going to apply for a visa today.,tôi sẽ nộp đơn xin thị thực ngày hôm nay.
The government has been reconsidering its firearms exportation,Chính phủ đã xem xét lại việc xuất khẩu vũ khí của mình
Is someone in there?,có ai ở đó không
Tom wants to have a word with you,tom muốn có một lời với bạn
She loves singing.,cô ấy yêu ca hát
We have all done it,tất cả chúng ta đã làm điều đó
Is that yours?,là của bạn phải không
I kind of like you,tôi cảm thấy thích bạn
I want you to marry me.,Tôi muốn bạn kết hôn với tôi.
I took an airplane from Tokyo to Kyushu,tôi đi máy bay từ tokyo đến kyushu
Roses smell good.,Hoa hồng có mùi thơm.
Driving too fast is dangerous,lái xe quá nhanh là nguy hiểm
Have you ever spun wool?,bạn đã bao giờ kéo len?
I often spend my leisure time listening to the radio.,tôi thường dành thời gian giải trí để nghe radio.
The dog barked at the mailman,con chó sủa người đưa thư
I sell new umbrellas.,Tôi bán ô mới.
She is my classmate,cô ấy là bạn cùng lớp của tôi
It is going to clear up.,nó sẽ sáng tỏ
I thought going out to eat together would cheer you up,tôi nghĩ đi ăn cùng nhau sẽ làm bạn vui lên
You had a week to do this.,bạn đã có một tuần để làm điều này.
So far everything is all right,cho đến nay mọi thứ đều ổn
Sirius is one of the 27 stars on the flag of Brazil.,sirius là một trong 27 ngôi sao trên lá cờ của Brazil.
Why on earth do you want to know that?,Tại sao bạn muốn biết điều đó?
Those are the properties that she owns.,đó là những tài sản mà cô ấy sở hữu.
Your cat is cute,con mèo của bạn dễ thương
I was a stranger.,tôi là một người lạ
I think I can figure it out,tôi nghĩ rằng tôi có thể tìm ra nó
"You do not like arguing with me, do you?",bạn có thích tranh luận với tôi không?
The event affected his future,sự kiện ảnh hưởng đến tương lai của anh ấy
I told you to leave Tom alone.,tôi nói với bạn để tom một mình.
He was too old to resist,anh ấy quá già để chống lại
We flew from Boston to Chicago.,chúng tôi bay từ boston đến chicago.
This car is a clunker,chiếc xe này là một clunker
Why do not you try to find out?,Tại sao bạn không thử tìm hiểu?
We have to go now,chúng tôi phải đi ngay bây giờ
It is exactly half-past eight.,chính xác là tám giờ rưỡi.
I have no other choice,tôi không có sự lựa chọn nào khác
What happened was an accident.,những gì đã xảy ra là một tai nạn.
"When I came to, I found myself in the hospital","Khi tôi đến, tôi thấy mình trong bệnh viện"
I have a red bicycle.,Tôi có một chiếc xe đạp màu đỏ.
I did not make it myself,tôi đã không tự làm
I want to tell Tom good night.,tôi muốn nói với tom chúc ngủ ngon
We live in the atomic age.,chúng ta sống trong thời đại nguyên tử.
My watch needs only minor repairs,đồng hồ của tôi chỉ cần sửa chữa nhỏ
We ask the teacher questions every day.,chúng tôi hỏi các câu hỏi của giáo viên mỗi ngày.
Please be sure to close the cap properly after use,hãy chắc chắn để đóng nắp đúng cách sau khi sử dụng
A dog followed me to my house.,Một con chó theo tôi đến nhà tôi.
I was here all the time,tôi đã ở đây mọi lúc
The chicken has already been eaten.,gà đã được ăn
Tom and Mary played ping pong,tom và mary chơi bóng bàn
I really appreciate you meeting with me.,Tôi thực sự đánh giá cao bạn gặp tôi.
We are not crazy,chúng tôi không điên
I had a feeling that Tom was in trouble.,tôi có cảm giác tom đang gặp rắc rối.
Tom was sitting on the table,tom đang ngồi trên bàn
I can not tell you how long I have been waiting for this.,Tôi không thể nói cho bạn biết tôi đã chờ đợi điều này bao lâu.
I would like to be rich and not have to worry about money,tôi muốn giàu có và không phải lo lắng về tiền bạc
Have you learned all the letters in the alphabet?,bạn đã học tất cả các chữ cái trong bảng chữ cái chưa?
It was hard to believe,thật khó tin
You are going to have fun.,bạn sẽ vui vẻ
Many parents are worried their children are not being given a basic understanding of numbers,Nhiều bậc cha mẹ lo lắng con cái họ không được hiểu cơ bản về các con số
You look very lovely tonight.,bạn trông rất đáng yêu tối nay
What is in the truck?,những gì trong xe tải?
That would be perfect.,đó sẽ là hoàn hảo
Take a bite,cắn một miếng
Tom asked for a higher salary.,tom yêu cầu mức lương cao hơn.
I think that you are twenty years old,tôi nghĩ rằng bạn hai mươi tuổi
Mary and Alice pretended they were sisters.,mary và alice giả vờ rằng họ là chị em.
Tom could tell Mary was not persuaded,Tom có thể nói mary không bị thuyết phục
What is my balance?,số dư của tôi là gì?
I am divorced,tôi đã ly hôn
Can you shed any light on this?,bạn có thể làm sáng tỏ về điều này?
Success does not come easily,thành công không đến dễ dàng
Tom became afraid of Mary.,Tom trở nên sợ mary.
The game lacked excitement,trò chơi thiếu hứng thú
Look up the words in your dictionary.,tra cứu các từ trong từ điển của bạn.
I would better see him,tôi nên gặp anh ấy
I do not feel like doing anything.,tôi không cảm thấy muốn làm gì cả
Some people consider Led Zeppelin the greatest band ever,một số người coi led zeppelin là ban nhạc vĩ đại nhất
Perhaps you misunderstood.,có lẽ bạn đã hiểu lầm.
She is very afraid of snakes,cô ấy rất sợ rắn
Tom stopped shivering.,tom ngừng run.
Let us call it a day,chúng ta hãy gọi nó là một ngày
I am sorry you got fired.,Tôi xin lỗi bạn đã bị sa thải.
I hear a dog barking in the woods,tôi nghe thấy một con chó sủa trong rừng
I can do anything I want.,tôi có thể làm bất cứ gì mình muốn.
"It makes sense, does not it?",nó có ý nghĩa không?
They have orders to return home.,họ có lệnh trở về nhà.
"I am sorry, there is nothing more I can do for you","tôi xin lỗi, tôi không thể làm gì thêm cho bạn"
We were allowed to speak either in English or in Japanese.,chúng tôi được phép nói bằng tiếng Anh hoặc tiếng Nhật.
They asked me to leave,họ yêu cầu tôi rời đi
He will never forgive my debt.,anh sẽ không bao giờ tha thứ cho khoản nợ của tôi.
He demanded that we leave at once,anh ấy yêu cầu chúng tôi rời đi ngay lập tức
I am sure Tom appreciates your concern.,Tôi chắc chắn tom đánh giá cao sự quan tâm của bạn.
What is your wife name?,vợ bạn tên gì
Tom missed his chance.,Tom đã bỏ lỡ cơ hội của mình.
I told you Tom would help us out,tôi đã nói với bạn tom sẽ giúp chúng tôi
Please stay here.,xin hãy ở lại đây.
Tom needs a good lawyer,tom cần một luật sư giỏi
I have to reply to this letter.,tôi phải trả lời thư này
I did not stop,tôi đã không dừng lại
I do not sleep a lot.,tôi không ngủ nhiều
Food should not be wasted,thực phẩm không nên lãng phí
I hate you.,tao ghét mày.
Tom told Mary he would be right back,Tom nói với mary anh ấy sẽ quay lại ngay
Tom walked in carrying more supplies.,tom bước vào mang theo nhiều đồ dùng hơn.
That is a pretty good suggestion,đó là một gợi ý khá hay
I can not hide forever.,Tôi không thể trốn mãi được.
She kept me waiting for a long time,cô ấy đã chờ tôi rất lâu
It was cloudy yesterday.,ngày hôm qua trời có mây.
There is a Picasso on the wall,có một picasso trên tường
Dry your eyes.,lau khô mắt
Tom made the children laugh,tom làm cho trẻ em cười
I have a lot of homework.,tôi có rất nhiều bài tập về nhà.
He has the advantage of wealth,anh ta có lợi thế về sự giàu có
I was not busy.,tôi đã không bận
I am beginning to regret hiring Tom,Tôi bắt đầu hối hận vì đã thuê tom
Tom is stoic.,tom là khắc kỷ.
Everyone started laughing at Tom,mọi người bắt đầu cười nhạo tom
"If we do not leave soon, we will be late.","nếu chúng ta không rời đi sớm, chúng ta sẽ bị trễ."
"In addition to my other worries, this has to happen","Ngoài những lo lắng khác của tôi, điều này đã xảy ra"
Tom refused to believe that Mary was guilty.,tom từ chối tin rằng mary có tội.
Tom was angry with himself,tom đã giận chính mình
My luggage did not arrive. What happened?,hành lý của tôi đã không đến. Chuyện gì đã xảy ra?
I think I can help with that,tôi nghĩ rằng tôi có thể giúp với điều đó
I like that it is soft.,tôi thích nó mềm
Tom ran out of gas,tom hết xăng
It is unusual.,nó không bình thường
I will make sure Tom gets this,tôi sẽ đảm bảo tom có được điều này
Please come right away.,hãy đến ngay
Tom ate the last slice of bread so Mary had nothing to eat,tom ăn miếng bánh mì cuối cùng để mary không có gì để ăn
You chose a good one.,bạn đã chọn một cái tốt
I thought it was just going to be us tonight,tôi nghĩ rằng nó sẽ là chúng ta tối nay
I just realized something.,tôi mới nhận ra điều gì đó
I am sorry I am late replying to your email,tôi xin lỗi tôi đến trễ trả lời email của bạn
What is your annual income?,thu nhập hàng năm của bạn là gì?
Nobody answered the telephone,không ai trả lời điện thoại
Tom likes reading detective novels.,tom thích đọc tiểu thuyết trinh thám.
May I do it right now?,tôi có thể làm điều đó ngay bây giờ không?
Tom wanted me to tell you that he was going to be away from the office for a few days.,Tom muốn tôi nói với bạn rằng anh ấy sẽ rời khỏi văn phòng trong vài ngày.
I have a lot of dreams.,tôi có rất nhiều giấc mơ
Children are so vulnerable,trẻ em rất dễ bị tổn thương
Zezo is not my name. It is only a nickname.,zezo không phải là tên của tôi nó chỉ là một biệt danh.
Tom is quite prepared,tom đã chuẩn bị khá
You guys are idiots.,các bạn là những kẻ ngốc.
All the floors in her house are made of wood,tất cả các tầng trong nhà cô đều làm bằng gỗ
He had nothing to do with the case.,ông không có gì để làm với vụ án.
He often appears on TV,anh ấy thường xuất hiện trên tv
"Hey, do not go.","này, đừng đi."
"Would you bring me another one, please?",bạn vui lòng mang cho tôi một cái khác
Do you think you could take this inside for me?,bạn có nghĩ rằng bạn có thể mang cái này bên trong cho tôi?
Personal hygiene is very important.,vệ sinh cá nhân là rất quan trọng.
Spring will come soon,mùa xuân sẽ đến sớm
I'll never forget talking with him there.,Tôi sẽ không bao giờ quên nói chuyện với anh ta ở đó.
Tom is a man of his word,tom là một người đàn ông từ của mình
I knew I was making mistakes.,tôi biết tôi đã phạm sai lầm.
She was such a beautiful girl that everybody turned to look at her as she passed,cô ấy là một cô gái xinh đẹp đến nỗi mọi người đều quay lại nhìn cô ấy khi cô ấy đi qua
You need someone you can trust.,bạn cần một người mà bạn có thể tin tưởng
Why would anyone do such a thing?,Tại sao mọi người sẽ làm một điều như vậy?
Reading is his chief amusement.,đọc sách là niềm vui chính của mình.
Your mail has been successfully sent,thư của bạn đã được gửi thành công
Are you really not going?,bạn thực sự không đi à
Over ten thousand messages are sent every second on Facebook,hơn mười nghìn tin nhắn được gửi mỗi giây trên facebook
I wanted to be like them.,tôi muốn được như họ
The population of the world is increasing very fast,dân số thế giới đang tăng rất nhanh
He's not quite satisfied.,Anh ấy không hoàn toàn hài lòng.
It's past the square,nó đã qua quảng trường
He was happy at the news of her success.,anh hạnh phúc trước tin thành công của cô.
Hold fire,ngưng băn
Why didn't you call the police?,tại sao bạn không gọi cảnh sát?
I looked for him in the supermarket,tôi đã tìm anh ấy trong siêu thị
Did anybody see you there?,có ai thấy bạn ở đó không?
I did not think that he would help us,tôi không nghĩ rằng anh ấy sẽ giúp chúng tôi
I like Elvis Presley. What singer do you like?,tôi thích elvis presley. bạn thích ca sĩ nào
"The sum of 12, 24, 7 and 11 is 54","tổng của 12, 24, 7 và 11 là 54"
"When you come across new words, you must look them up in your dictionary.","Khi bạn gặp những từ mới, bạn phải tra chúng trong từ điển của bạn."
No one has been murdered,không ai bị giết
I wonder how much it would cost to get my house painted.,tôi tự hỏi bao nhiêu chi phí để có được ngôi nhà của tôi sơn.
I should've kept my mouth shut,tôi nên im miệng
Drive with the utmost care.,lái xe với sự chăm sóc tối đa.
He caught them stealing apples,ông bắt chúng ăn cắp táo
He knows how to argue with the manager.,anh ấy biết làm thế nào để tranh luận với người quản lý.
The car is not illegally parked,xe không đậu trái phép
I hope that all your dreams come true.,Tôi hy vọng rằng tất cả những giấc mơ của bạn trở thành sự thật.
I said I was busy,tôi nói tôi bận
We all know.,chúng ta đều biết
Let's make a phone call,hãy gọi điện thoại
It was ours.,nó là của chúng tôi
I don't want your money,tôi không muốn tiền của bạn
I think it just might work.,Tôi nghĩ rằng nó chỉ có thể làm việc.
They're still around,họ vẫn ở xung quanh
Isn't that Tom's hat?,Đó không phải là mũ của tom sao?
"In the morning, I like to put honey on my toast","Vào buổi sáng, tôi thích cho mật ong vào bánh mì nướng của mình"
He is prejudiced against her.,anh định kiến với cô.
I'm sending someone to get you,tôi đang gửi ai đó để giúp bạn
Please join us.,vui lòng tham dự với chúng tôi.
Three Chinese students were admitted to the college,ba sinh viên Trung Quốc được nhận vào đại học
"Speaking about trips, have you ever been to Kobe?","nói về những chuyến đi, bạn đã bao giờ đến kobe chưa?"
Tom was almost hit by a car,tom suýt bị xe đâm
Some people don't like swimming at all.,một số người không thích bơi lội
I don't need a new TV,tôi không cần một chiếc tivi mới
The school is only a five-minute walk away.,trường chỉ cách năm phút đi bộ.
What time did you get up that morning?,bạn thức dậy lúc mấy giờ
The Socialist Party only got 18% of the votes.,đảng xã hội chỉ nhận được 18% số phiếu.
"If you happen to be out this way, be sure to call in at my house","nếu bạn tình cờ ra ngoài theo cách này, hãy chắc chắn gọi vào nhà tôi"
We often took a walk along the seashore together in the morning.,chúng tôi thường đi dạo dọc bờ biển vào buổi sáng.
George did business in the same manner as his father did,george đã làm kinh doanh theo cách tương tự như cha mình đã làm
She is pigeon-toed.,cô ấy là chim bồ câu
Where is the changing room?,phòng thay đồ ở đâu?
I am of the opinion that necessity is the mother of invention.,Tôi cho rằng sự cần thiết là mẹ của sáng chế.
The storm didn't abate for several hours,cơn bão đã không giảm trong vài giờ
Do you like to see animals at the zoo?,Bạn có thích nhìn thấy động vật ở sở thú?
Is this bag yours or his?,cái túi này là của bạn hay của anh ấy?
Something terrible happened to Tom.,một cái gì đó khủng khiếp đã xảy ra với tom.
Where's Tom sitting?,Tom ngồi ở đâu?
My husband reads the newspaper while eating breakfast.,Chồng tôi đọc báo trong khi ăn sáng.
We cannot speak too highly of his great achievements,chúng ta không thể nói quá cao về những thành tựu to lớn của anh ấy
My father rarely goes to extremes.,cha tôi hiếm khi đi đến cực đoan.
Walk calmly to the door,bình tĩnh bước đến cửa
Tom is still at home.,Tom vẫn ở nhà.
I want to go to the city,tôi muốn đi đến thành phố
This coffee has a bitter taste.,cà phê này có vị đắng.
Tom has finally achieved what he set out to do,Tom cuối cùng đã đạt được những gì anh ấy đặt ra để làm
He set out for Tokyo this morning.,Anh lên đường đến Tokyo sáng nay.
I was drinking milk a moment ago,tôi đã uống sữa một lúc trước
This music is so beautiful that it brings tears to my eyes.,âm nhạc này đẹp đến nỗi nó mang đến những giọt nước mắt cho tôi.
I've got some business to take care of,tôi đã có một số công việc để chăm sóc
"When I give the word, start the machine.","Khi tôi cho từ, khởi động máy."
She's in the well,cô ấy ở trong giếng
I was not aware of this.,tôi đã không nhận thức được điều này.
I apologize for not writing to you before,tôi xin lỗi vì đã không viết thư cho bạn trước đây
Tom doesn't have a driver's license.,Tom không có bằng lái xe.
"If your windows are not airtight, moisture will seep in","Nếu cửa sổ của bạn không kín, hơi ẩm sẽ thấm vào"
I wasn't quite sure about that.,tôi không chắc lắm về điều đó
Tom walked into the drugstore,tom bước vào nhà thuốc
It's a mistake.,đó là một sai lầm.
I'm going to stick around and wait for Tom,Tôi sẽ đi xung quanh và chờ đợi tom
She advised him not to go.,Cô khuyên anh đừng đi.
I've caught a lot of fish here. It's a great fishing spot,Tôi đã bắt được rất nhiều cá ở đây. đó là một điểm câu cá tuyệt vời
Tom resumed walking.,Tom tiếp tục đi bộ.
I want you to love me,tôi muốn bạn yêu tôi
Watch out for thieves around here.,coi chừng kẻ trộm quanh đây.
Your efforts will be rewarded in the long run,những nỗ lực của bạn sẽ được đền đáp trong thời gian dài
Tom looks somewhat nervous and apprehensive.,Tom trông hơi lo lắng và e ngại.
He has lost his job,anh ấy đã mất việc
There's nothing to do.,không có gì để làm.
I'll do what I need to do,tôi sẽ làm những gì tôi cần làm
Please fasten your seat belts and prepare for departure.,vui lòng thắt dây an toàn và chuẩn bị khởi hành.
This doesn't seem normal,điều này có vẻ không bình thường
The truck dumped the sand on the ground.,Chiếc xe tải đổ cát xuống đất.
I call him Tom,tôi gọi anh ấy là tom
I understand you've been looking for me.,tôi hiểu bạn đã tìm tôi
These shoes are a little loose,đôi giày này hơi lỏng
What you said yesterday was true.,những gì bạn nói ngày hôm qua là sự thật.
Tom advised him not to buy the secondhand car,tom khuyên anh không nên mua xe cũ
"I write poems, but they're really bad.","Tôi viết những bài thơ, nhưng chúng thực sự tồi tệ."
He can't stop us,anh ấy không thể ngăn chúng tôi
Tom convinced me that Mary was innocent.,tom thuyết phục tôi rằng mary là vô tội.
Tom couldn't wait until the weekend,Tom không thể đợi đến cuối tuần
Tom served dinner.,tom phục vụ bữa tối.
Tom treats his employees generously,tom đối xử với nhân viên của mình một cách hào phóng
He operated the new machine.,Anh vận hành máy mới.
I'll page Tom,tôi sẽ trang tom
I understand Tom was here yesterday.,tôi hiểu tom đã ở đây ngày hôm qua.
It must be Tom,nó phải là tom
"If it's Tom, we've got problems.","Nếu đó là tom, chúng tôi có vấn đề."
"If you try your best now, happiness will come to you","nếu bạn cố gắng hết sức bây giờ, hạnh phúc sẽ đến với bạn"
I know that all of this is just a game.,Tôi biết rằng tất cả những điều này chỉ là một trò chơi.
It's just that easy,nó thật dễ dàng
I think you need to buy a new pair of hiking boots.,Tôi nghĩ rằng bạn cần phải mua một đôi giày đi bộ đường dài mới.
Tom has been up all night,tom đã thức cả đêm
Mary held the baby in her arms.,mary bế đứa bé trên tay.
He walked onto stage while the audience were applauding,anh ấy bước lên sân khấu trong khi khán giả đang vỗ tay
This room does not get much sun.,căn phòng này không nhận được nhiều ánh nắng mặt trời.
I'm being quite honest,tôi khá trung thực
Tom is exercising.,tom đang tập thể dục
I'll mark where there are mistakes in your writing,tôi sẽ đánh dấu nơi có lỗi trong bài viết của bạn
Tom usually keeps his promises.,tom thường giữ lời hứa.
I had a vision,tôi đã có một tầm nhìn
I'm happy for them.,Tôi mừng cho họ.
Tom mucks out the stable almost every day,tom mucks ra ổn định gần như mỗi ngày
I want us to be friends again.,tôi muốn chúng ta làm bạn một lần nữa
I have to hide,tôi phải trốn
I'd be willing to help.,Tôi sẵn sàng giúp đỡ.
What school do you go to?,Bạn đi học trường nào?
All the meat was bad.,tất cả thịt là xấu.
Have you ever seen a spider spinning its web?,Bạn đã bao giờ nhìn thấy một con nhện quay web của nó?
Tom knows he's in trouble now.,Tom biết anh ấy đang gặp rắc rối.
Tom didn't need any help,tom không cần sự giúp đỡ
You look pretty tired.,Trông bạn khá mệt mỏi.
I feel hopeful about the future,tôi cảm thấy hy vọng về tương lai
Tom is in the lead.,tom đang dẫn đầu.
Tom put away his notebook,tom cất cuốn sổ của mình
This is going to be interesting.,Điều này sẽ rất thú vị.
I'd be more than happy to drive you home,tôi sẽ hạnh phúc hơn khi đưa bạn về nhà
He wouldn't hurt a fly.,anh sẽ không làm tổn thương một con ruồi.
McClellan tried to calm Lincoln's fears,mcclellan đã cố gắng làm dịu nỗi sợ hãi của lincoln
Tom is using the Internet to learn Spanish.,tom đang sử dụng internet để học tiếng Tây Ban Nha.
Have you found Tom yet?,bạn đã tìm thấy tom chưa?
Tom told me you'd stop by.,tom nói với tôi bạn sẽ dừng lại
I don't intend to do what Tom told me to do,tôi không có ý định làm những gì tom bảo tôi làm
What were Tom and Mary doing at John's house?,Tom và mary đang làm gì ở nhà của John?
He ended up expelled,cuối cùng anh ta bị trục xuất
I am supposed to meet him at four this afternoon.,tôi dự định gặp anh ấy vào bốn giờ chiều nay.
Tom will make it,tom sẽ làm cho nó
That seems familiar to me.,điều đó có vẻ quen thuộc với tôi
You need to go,bạn cần phải đi
What am I supposed to do now?,Tôi phải làm gì bây giờ?
It's not explainable,nó không thể giải thích
We're having some people over.,chúng tôi đang có một số người hơn.
"The sun set, so they quit work","Mặt trời lặn, vì vậy họ bỏ việc"
Tom and Mary go hiking together every summer.,tom và mary đi leo núi cùng nhau mỗi mùa hè.
Our class went on an excursion to Hakone,lớp chúng tôi đã đi tham quan hakone
Remember to mail the letter on your way to school.,nhớ gửi thư trên đường đến trường.
She wants something very special for her birthday,cô ấy muốn một cái gì đó rất đặc biệt cho ngày sinh nhật của cô ấy
I am no better than a beggar.,tôi không tốt hơn một người ăn xin
You really should've told Tom not to come,bạn thực sự nên nói với tom đừng đến
I can't tell you how worried I've been.,Tôi không thể nói cho bạn biết tôi đã lo lắng như thế nào.
I'm sorry I couldn't be more helpful,tôi xin lỗi tôi không thể hữu ích hơn
Who is the greatest poet in England?,nhà thơ vĩ đại nhất nước Anh là ai?
How much more do we need?,chúng ta cần thêm bao nhiêu nữa
I know I've been acting strangely.,tôi biết tôi đã hành động kỳ lạ.
Tom pulled a bottle of bourbon out of his desk drawer,Tom rút một chai rượu bourbon ra khỏi ngăn kéo bàn
You had a week to get this done.,bạn đã có một tuần để thực hiện điều này.
Tom blew out the candles on the cake,tom thổi nến trên bánh
Do you really want to stay?,bạn có thực sự muốn ở lại không?
Tom is disrespectful,tom là thiếu tôn trọng
What do you think has happened to Tom?,Bạn nghĩ gì đã xảy ra với tom?
Many of Pope's men were not prepared for battle,nhiều người của giáo hoàng đã không chuẩn bị cho trận chiến
I sat at the front in order to hear the lecture clearly.,tôi ngồi ở phía trước để nghe bài giảng rõ ràng.
What types of sandwiches do you have?,bạn có những loại bánh sandwich nào?
Tom volunteered to wash the dishes.,tom tình nguyện rửa chén.
I'm the one who met him,tôi là người đã gặp anh ấy
They came in.,họ bước vào.
Tom has grown accustomed to Mary's nagging,tom đã quen với sự cằn nhằn của mary
Tom gave some candy to his grandchildren.,Tom đã cho một số kẹo cho cháu của mình.
Tom began fixing dinner,tom bắt đầu sửa bữa tối
Maybe we should talk to Tom again.,có lẽ chúng ta nên nói chuyện với tom một lần nữa
Pretend you're me,giả vờ là tôi
He has long hair.,ông có mái tóc dài.
He responded very quickly to my letter,anh ấy đã trả lời thư của tôi rất nhanh
Tom arrived on time.,tom đến đúng giờ
The boy made a fool of himself,cậu bé tự lừa mình
It's right in front of your eyes.,nó ở ngay trước mắt bạn
They made straight for their destination,họ đã đi thẳng đến đích
"Tom was telling the truth about you, wasn't he?","Tom đã nói sự thật về bạn, phải không?"
I'm not just going to wait around and see what happens,Tôi sẽ không chờ đợi để xem điều gì sẽ xảy ra
I come from England.,tôi đến từ nước Anh.
John has a pen,john có một cây bút
My father is getting bald.,Bố tôi đang bị hói.
What are you thinking?,bạn đang nghĩ gì vậy?
I have a friend who lives in Tokyo.,tôi có một người bạn sống ở Tokyo.
How about 12:45?,12:45 thì sao?
I'm happy here.,tôi hạnh phúc ở đây
I will always remember you,Tôi sẽ luôn nhớ đến bạn
I have allergies.,Tôi bị dị ứng.
There were a good many candidates for the position,có rất nhiều ứng cử viên cho vị trí này
Can I have another one?,tôi có thể có một cái khác không?
Horses and donkeys are different,ngựa và lừa là khác nhau
Tom is out grocery shopping.,tom là ra cửa hàng tạp hóa.
He was imprisoned,anh ta bị cầm tù
She became a postman.,cô trở thành một người đưa thư.
He is always isolated from his fellow workers,anh ta luôn bị cô lập với đồng nghiệp
Who's in charge of the sales section?,Ai phụ trách bộ phận bán hàng?
She'll be up and around this afternoon,cô ấy sẽ thức dậy và khoảng chiều nay
Why don't you turn it off?,Tại sao bạn không tắt nó?
Mathematics is her weak point,toán học là điểm yếu của cô ấy
Tom is really quite talented.,Tom thực sự khá tài năng.
He seems to be involved in that matter,anh ấy dường như có liên quan đến vấn đề đó
They took enough provisions for three years at sea.,họ đã có đủ các điều khoản trong ba năm trên biển.
Could I bring you something else?,tôi có thể mang cho bạn cái gì khác không?
This is something I can help you with.,đây là điều tôi có thể giúp bạn
Everybody wants to sit beside her,mọi người muốn ngồi bên cạnh cô ấy
We should've gotten here earlier.,chúng ta nên đến đây sớm hơn
He left everything to her in his will,anh ấy để lại mọi thứ cho cô ấy theo ý muốn
Does anyone oppose the new plan?,Có ai phản đối kế hoạch mới không?
I can hardly understand what she says,tôi khó có thể hiểu những gì cô ấy nói
"Buy low, sell high.","Mua thấp, bán cao."
Tom did that earlier this week,tom đã làm điều đó vào đầu tuần này
He stared at her in astonishment.,anh ngạc nhiên nhìn cô.
I felt it,tôi cảm thấy nó
Do you want some beer?,bạn có muốn uống bia không
Hens don't fly over walls,gà mái không bay qua tường
I'll be free next Sunday.,Tôi sẽ được miễn phí vào chủ nhật tới.
Tom couldn't seem to control his anger,Tom dường như không thể kiềm chế cơn giận của mình
Tom ran up into the woods.,tom chạy lên rừng.
I felt so sleepy that I could hardly keep my eyes open,tôi cảm thấy buồn ngủ đến nỗi tôi khó có thể mở mắt
"Tommy, can you hear me?","Mẹ ơi, con có nghe thấy không?"
"As soon as Tom got Mary alone, he started kissing her","Ngay khi tom có mary một mình, anh bắt đầu hôn cô"
Nothing's wrong with the old one.,không có gì sai với cái cũ
Nothing like that will happen again,không có gì như thế sẽ xảy ra lần nữa
I would like to see your mother.,tôi muốn nhìn thấy mẹ của bạn
Don't worry. It'll be over soon,đừng lo lắng nó sẽ kết thúc sớm thôi
She takes great pleasure in her work.,cô ấy có niềm vui lớn trong công việc của mình.
Akiko has several friends in France,akiko có vài người bạn ở Pháp
Tom says he won't answer any questions.,Tom nói anh ấy sẽ không trả lời bất kỳ câu hỏi nào.
You're in no condition to drive,bạn không có điều kiện để lái xe
Tom has decided to start studying French.,tom đã quyết định bắt đầu học tiếng Pháp.
Why is everyone speaking so quietly?,Tại sao mọi người lại nói rất khẽ?
Tom doesn't have any cash on hand.,Tom không có tiền trong tay.
This box contains five apples,hộp này chứa năm quả táo
Tom often stays up all night.,tom thường thức suốt đêm.
I forgot to turn off the light,tôi quên tắt đèn
"It being Sunday today, we have no school.","hôm nay là chủ nhật, chúng tôi không có trường học"
We'll go in a minute,chúng ta sẽ đi trong một phút
I wonder what it is like to travel through space.,tôi tự hỏi những gì nó giống như đi du lịch trong không gian.
They started fighting,họ bắt đầu chiến đấu
Lie down on your left side.,nằm xuống bên trái của bạn.
Tom was very proud of you,tom rất tự hào về bạn
We must stay together.,chúng ta phải ở cùng nhau
He has overcome many obstacles,anh ấy đã vượt qua nhiều trở ngại
Tom watched the team practice.,tom xem nhóm thực hành.
Tom had what looked like a gin and tonic in his hand,Tom có thứ trông giống như rượu gin và thuốc bổ trong tay
Tom met Mary while he was staying in Boston.,tom gặp mary khi anh đang ở boston.
They never returned to their country,họ không bao giờ trở về đất nước của họ
I'm sorry if I disturbed you.,tôi xin lỗi nếu tôi làm phiền bạn
He's learning French so he can get a better salary,Anh ấy học tiếng Pháp để có thể nhận được mức lương tốt hơn
"All of a sudden, all the lights went out.","Đột nhiên, tất cả các đèn tắt."
When did Tom say that?,Tom đã nói điều đó khi nào?
How does he make money?,anh ấy kiếm tiền bằng cách nào?
The curtains don't let any light in,màn cửa không cho bất kỳ ánh sáng vào
Jane is doing her homework.,Jane đang làm bài tập về nhà của mình.
I didn't want Tom to bother me,tôi không muốn tom làm phiền tôi
Tom considered himself lucky.,tom coi mình là người may mắn.
I'm against the war,tôi chống chiến tranh
Exceptions prove the rule.,ngoại lệ chứng minh quy tắc.
We've got less than an hour,chúng tôi có ít hơn một giờ
"That brown one is mine, too.",cái màu nâu đó cũng là của tôi
Can't we all just get along?,tất cả chúng ta không thể hòa thuận?
Save your appetite for the big dinner.,tiết kiệm sự thèm ăn của bạn cho bữa ăn tối lớn.
Tom is helping them,tom đang giúp họ
I have given him permission to do what he wants to do.,tôi đã cho phép anh ta làm những gì anh ta muốn làm.
Tom has never been sick,tom chưa bao giờ bị bệnh
Dolphins are curious.,Cá heo rất tò mò.
Tom was sitting in an armchair,tom đang ngồi trên ghế bành
I thought you liked parties.,Tôi nghĩ bạn thích các bữa tiệc.
I've seen all I want to see,tôi đã thấy tất cả những gì tôi muốn thấy
"""Did giving Tom the money help?"" ""I don't think it did.""","""đã cho tom tiền giúp đỡ?"" ""Tôi không nghĩ rằng nó đã làm."""
You don't get to quit,bạn không được nghỉ việc
Kelly will appear on TV.,Kelly sẽ xuất hiện trên tv.
That doesn't really answer the question,điều đó không thực sự trả lời câu hỏi
Tom knows he's in trouble.,Tom biết mình đang gặp rắc rối.
He suffered from rheumatism,ông bị bệnh thấp khớp
I do hope there isn't a problem.,tôi hy vọng không có vấn đề gì
I don't want anyone to know where we are,tôi không muốn ai biết chúng ta ở đâu
Are you trying to get me drunk?,bạn đang cố làm tôi say à?
"I'm sorry, I didn't mean to startle you","tôi xin lỗi, tôi không có ý làm bạn giật mình"
Quite a few people came to the meeting yesterday.,khá nhiều người đã đến cuộc họp ngày hôm qua.
Tom isn't invincible,tom không phải là bất khả chiến bại
He enjoys playing tennis.,Anh ấy thích chơi tennis.
I hope to see you the next time you are in Tokyo,tôi hy vọng sẽ gặp lại bạn vào lần tới khi bạn ở Tokyo
A crisis in France could be bad for the United States.,một cuộc khủng hoảng ở Pháp có thể là xấu cho các quốc gia thống nhất.
Tom's cat is always waiting at the door when he arrives home,mèo của tom luôn đợi ở cửa khi anh về đến nhà
They're both laughing.,cả hai đều cười.
I do what I'm told,tôi làm những gì tôi đang nói
Tom lay down and pretended to fall asleep.,tom nằm xuống và giả vờ ngủ.
Tom suggested that I write a message to Mary,tom đề nghị tôi viết một tin nhắn cho mary
I think it's time for me to retire.,Tôi nghĩ rằng đã đến lúc tôi nghỉ hưu.
You always cheat,bạn luôn lừa dối
He spoke softly to the men around him.,anh nói nhỏ nhẹ với những người đàn ông xung quanh.
Will you please show me the way?,bạn vui lòng chỉ đường cho tôi chứ?
I'll put in a good word for you.,Tôi sẽ nói một từ tốt cho bạn.
Tom got his neck broken in a ski accident,Tom bị gãy cổ trong một tai nạn trượt tuyết
I looked around.,tôi nhìn xung quanh
I hid it in my freezer,tôi giấu nó trong tủ đông của tôi
"It grew dark, and what was worse, we lost our way.","Trời tối dần, và điều tồi tệ hơn là chúng tôi lạc đường."
Tom has good eyesight,tom có thị lực tốt
Where does Tom go to school?,tom đi học ở đâu
The box is almost empty,cái hộp gần hết
Why did you paint the bench red?,Tại sao bạn sơn màu đỏ băng ghế?
Stay a little longer,ở lại lâu hơn một chút
This jet travels about three times as fast as the speed of sound.,máy bay phản lực này di chuyển nhanh gấp ba lần tốc độ âm thanh.
Nobody paid me anything,không ai trả tiền cho tôi
Tom didn't marry Mary.,Tom đã không kết hôn với mary.
Tom and Mary were walking side by side,tom và mary đang đi cạnh nhau
He can speak not only English but also French.,anh ấy có thể nói không chỉ tiếng Anh mà còn tiếng Pháp.
I always drink a cup of coffee in the morning,tôi luôn uống một tách cà phê vào buổi sáng
That bicycle is mine.,chiếc xe đạp đó là của tôi
Can we stick to the subject here?,chúng ta có thể bám sát chủ đề ở đây không?
She is handy with a needle.,cô ấy tiện dụng với một cây kim.
Why should I be scared?,tại sao tôi phải sợ?
Read as many books as you can while you are young.,đọc càng nhiều sách càng tốt khi bạn còn trẻ
We don't have the money,chúng tôi không có tiền
You look different somehow.,bạn trông khác nhau
Tom wouldn't have been able to manage without Mary's support,tom sẽ không thể quản lý mà không có sự hỗ trợ của mary
He's lying.,anh ấy đang nói dối.
She communicates well with her teachers,cô ấy giao tiếp tốt với giáo viên của mình
That was a joke.,đó là một trò đùa.
He was affected by the heat,anh ấy bị ảnh hưởng bởi cái nóng
Tomorrow will be another day.,ngày mai sẽ là một ngày khác.
Do you want fruit juice?,bạn có muốn uống nước trái cây không
I didn't know you were a poet.,tôi không biết bạn là một nhà thơ.
Don't leave your dog locked inside a hot car,đừng để con chó của bạn bị nhốt trong một chiếc xe hơi nóng
I'm always under stress.,Tôi luôn bị căng thẳng.
Please promise me that you will never tell a lie again,hãy hứa với tôi rằng bạn sẽ không bao giờ nói dối nữa
He's handsome and charming.,Anh ấy đẹp trai và quyến rũ.
The final piece makes up the whole pie,miếng cuối cùng tạo nên toàn bộ chiếc bánh
"If you didn't eat the cake I made, then your sister did.","nếu bạn không ăn bánh tôi làm, thì chị bạn đã làm."
I'll take him,tôi sẽ đưa anh ta
Let's put the basses on the left.,Hãy đặt bass bên trái.
Keep to the left when driving,giữ bên trái khi lái xe
I thought I'd dropped something.,Tôi nghĩ rằng tôi đã đánh rơi một cái gì đó.
One of my friends knows you,một trong những người bạn của tôi biết bạn
Tom seems so lonely.,Tom có vẻ rất cô đơn.
She was at a loss which way to go,cô ấy không biết đường nào để đi
Tom made me promise not to tell Mary anything.,tom làm tôi hứa sẽ không nói với mary bất cứ điều gì.
Many problems awaited him,nhiều vấn đề đang chờ đợi anh ấy
I've never trusted you and I never will.,Tôi chưa bao giờ tin tưởng bạn và tôi sẽ không bao giờ.
It's the only possible explanation,đó là lời giải thích duy nhất có thể
I can do it in half the time.,tôi có thể làm điều đó trong một nửa thời gian.
We met on a blind date,chúng tôi gặp nhau vào một ngày mù
The famous doctor made a speech on AIDS.,vị bác sĩ nổi tiếng đã phát biểu về viện trợ.
You really do look stunning,bạn thực sự trông tuyệt vời
I thought I could change your mind.,Tôi nghĩ rằng tôi có thể thay đổi tâm trí của bạn.
How much did you get for it?,bạn đã nhận được bao nhiêu cho nó?
I'm hoping to find Tom.,Tôi hy vọng sẽ tìm thấy tom.
Tom didn't even look,tom thậm chí không nhìn
His shoes are wearing thin.,Giày của anh ấy đang mòn.
Put handcuffs on him,còng tay anh ta
I told you that I wasn't interested.,tôi nói với bạn rằng tôi không quan tâm.
He tried to write down everything the teacher said,ông cố gắng viết ra tất cả những gì giáo viên nói
"Since Tom is honest, I like him.","Vì tom là trung thực, tôi thích anh ấy."
"As far as I know, he's an excellent student","theo như tôi biết, anh ấy là một học sinh xuất sắc"
Applications are accepted until tomorrow.,các ứng dụng được chấp nhận cho đến ngày mai.
Will they arrive here tomorrow?,họ sẽ đến đây vào ngày mai chứ?
That man was wearing a tiger mask.,Người đàn ông đó đang đeo mặt nạ hổ.
She showed her courage in the face of danger,cô ấy đã cho thấy sự can đảm của mình khi đối mặt với nguy hiểm
He saw a lot of animals on the road.,anh thấy rất nhiều động vật trên đường.
I have a fever of 102 degrees,tôi bị sốt 102 độ
That young actor is a James Dean.,diễn viên trẻ đó là một trưởng khoa james.
She handed him the key,cô đưa chìa khóa cho anh
I want to make it up to you.,tôi muốn làm cho nó tùy thuộc vào bạn.
The clouds were driven away by the wind,những đám mây bị gió cuốn đi
Tom wrote his phone number on a napkin and handed it to Mary.,Tom đã viết số điện thoại của mình vào một chiếc khăn ăn và đưa nó cho mary.
My friend is seventeen years old,bạn tôi mười bảy tuổi
"We'll get to Boston before it gets dark, I think.","Chúng tôi sẽ đến boston trước khi trời tối, tôi nghĩ vậy."
Tom certainly did what Mary accused him of doing,Tom chắc chắn đã làm những gì mary buộc tội anh ta làm
The only way to handle him is to let him think he is having his own way.,cách duy nhất để xử lý anh ta là để anh ta nghĩ rằng anh ta đang có con đường của riêng mình.
A kiss without a mustache is like an egg without salt,một nụ hôn không có ria mép giống như một quả trứng không có muối
Tom looks a bit queasy.,tom có vẻ hơi khó chịu.
Australia has very strict rules on immigration,Úc có những quy định rất nghiêm ngặt về nhập cư
Tom talks about his ex-girlfriend a lot.,Tom nói về bạn gái cũ của anh ấy rất nhiều.
I have some shopping to do,tôi có một số mua sắm để làm
Don't you have anything smaller than this?,bạn không có cái gì nhỏ hơn cái này à?
Tom has been arrested for murder,tom đã bị bắt vì tội giết người
"You're disappointed, aren't you?",bạn thất vọng phải không?
Who does he look like?,anh ấy trông như thế nào
Tom certainly didn't vote for her.,Tom chắc chắn đã không bỏ phiếu cho cô ấy.
Tom doubts that he'll be able get there on time,Tom nghi ngờ rằng anh ấy sẽ có thể đến đó đúng giờ
